{
"apiVersion": "V2",
"assemblies": [
{
  "files": [
    {
      "filePath": "assembly_data_report.jsonl",
      "fileType": "DATA_REPORT",
      "uncompressedLengthBytes": "4002"
    }
  ]
},{
  "accession": "GCA_001457635.1",
  "files": [
    {
      "filePath": "GCA_001457635.1/GCA_001457635.1_NCTC7465_genomic.fna",
      "fileType": "GENOMIC_NUCLEOTIDE_FASTA",
      "uncompressedLengthBytes": "2137434"
    },
    {
      "filePath": "GCA_001457635.1/genomic.gff",
      "fileType": "GFF3",
      "uncompressedLengthBytes": "984037"
    }
  ]
}]}
