{
"apiVersion": "V2",
"assemblies": [
{
  "files": [
    {
      "filePath": "assembly_data_report.jsonl",
      "fileType": "DATA_REPORT",
      "uncompressedLengthBytes": "4012"
    }
  ]
},{
  "accession": "GCA_900636475.1",
  "files": [
    {
      "filePath": "GCA_900636475.1/GCA_900636475.1_42197_F01_genomic.fna",
      "fileType": "GENOMIC_NUCLEOTIDE_FASTA",
      "uncompressedLengthBytes": "1978159"
    },
    {
      "filePath": "GCA_900636475.1/genomic.gff",
      "fileType": "GFF3",
      "uncompressedLengthBytes": "887329"
    }
  ]
}]}
