{
"apiVersion": "V2",
"assemblies": [
{
  "files": [
    {
      "filePath": "assembly_data_report.jsonl",
      "fileType": "DATA_REPORT",
      "uncompressedLengthBytes": "4528"
    }
  ]
},{
  "accession": "GCA_019046945.1",
  "files": [
    {
      "filePath": "GCA_019046945.1/GCA_019046945.1_ASM1904694v1_genomic.fna",
      "fileType": "GENOMIC_NUCLEOTIDE_FASTA",
      "uncompressedLengthBytes": "2215048"
    },
    {
      "filePath": "GCA_019046945.1/genomic.gff",
      "fileType": "GFF3",
      "uncompressedLengthBytes": "990247"
    }
  ]
}]}
